{"True Negative": 244, "False Positive": 0, "False Negative": 155, "True Positive": 0, "0": {"precision": 0.6115288220551378, "recall": 1.0, "f1-score": 0.7589424572317263, "support": 244}, "1": {"precision": 0.0, "recall": 0.0, "f1-score": 0.0, "support": 155}, "accuracy": 0.6115288220551378, "macro avg": {"precision": 0.3057644110275689, "recall": 0.5, "f1-score": 0.37947122861586313, "support": 399}, "weighted avg": {"precision": 0.37396750020414443, "recall": 0.6115288220551378, "f1-score": 0.4641151868785494, "support": 399}}